general,alias.c
general,y.tab.h
error_handling,error.h
error_handling,error.c
general,y.tab.c
general,xmalloc.c
general,version.c
general,variables.h
general,variables.c
general,unwind_prot.h
general,unwind_prot.c
general,trap.h
general,trap.c
general,test.c
general,test.h
general,syntax.h
general,syntax.c
general,subst.h
general,subst.c
general,stringlib.c
general,shell.h
general,shell.c
general,redir.c
general,redir.h
general,quit.h
general,signames.h
general,print_cmd.c
general,pcomplib.c
general,pcomplete.h
general,pcomplete.c
general,pathnames.h
general,pathexp.h
general,pathexp.c
general,parser.h
general,parse.y
general,make_cmd.h
general,make_cmd.c
general,mailcheck.h
general,mailcheck.c
general,locale.c
general,list.c
general,mksyntax.c
general,patchlevel.h
general,version.h
general,lib/readline/rltypedefs.h
general,lib/readline/history.h
general,lib/malloc/watch.h
general,lib/malloc/table.h
general,lib/malloc/mstats.h
general,lib/malloc/imalloc.h
general,lib/malloc/getpagesize.h
general,input.h
general,input.c
general,include/typemax.h
general,include/systimes.h
general,include/stdc.h
general,include/shtty.h
general,include/posixwait.h
general,include/posixtime.h
general,include/posixstat.h
general,include/posixjmp.h
general,include/posixdir.h
general,include/ocache.h
general,include/maxpath.h
general,include/gettext.h
general,include/filecntl.h
general,include/chartypes.h
general,include/shmbchar.h
general,include/posixselect.h
general,include/shmbutil.h
general,hashlib.h
general,hashlib.c
general,hashcmd.h
general,hashcmd.c
general,general.h
general,general.c
general,flags.h
general,flags.c
general,findcmd.h
general,findcmd.c
general,externs.h
general,expr.c
general,execute_cmd.h
general,execute_cmd.c
general,eval.c
general,dispose_cmd.h
general,dispose_cmd.c
general,copy_cmd.c
general,conftypes.h
general,config.h
general,config-top.h
general,config-bot.h
general,command.h
general,braces.c
general,bracecomp.c
general,bashtypes.h
general,bashline.h
general,bashline.c
general,bashjmp.h
general,bashintl.h
general,bashhist.h
general,bashhist.c
general,bashansi.h
general,assoc.h
general,assoc.c
general,arrayfunc.h
general,arrayfunc.c
general,array.h
general,array.c
general,alias.h
job_control,xmalloc.h
job_control,nojobs.c
job_control,jobs.h
job_control,jobs.c
job_control,include/unionwait.h
job_control,include/ansi_stdlib.h
libbuiltins,builtins.c
libbuiltins,builtins/psize.c
libbuiltins,builtins/bashgetopt.h
libbuiltins,builtins/bind.c
libbuiltins,builtins/break.c
libbuiltins,builtins/builtext.h
libbuiltins,builtins/builtin.c
libbuiltins,builtins/caller.c
libbuiltins,builtins/cd.c
libbuiltins,builtins/command.c
libbuiltins,builtins/complete.c
libbuiltins,builtins/echo.c
libbuiltins,builtins/enable.c
libbuiltins,builtins/eval.c
libbuiltins,builtins/exec.c
libbuiltins,builtins/exit.c
libbuiltins,builtins/fc.c
libbuiltins,builtins/getopts.c
libbuiltins,builtins/hash.c
libbuiltins,builtins/help.c
libbuiltins,builtins/history.c
libbuiltins,builtins/jobs.c
libbuiltins,builtins/kill.c
libbuiltins,builtins/let.c
libbuiltins,builtins/mapfile.c
libbuiltins,builtins/pipesize.h
libbuiltins,builtins/printf.c
libbuiltins,builtins/pushd.c
libbuiltins,builtins/read.c
libbuiltins,builtins/return.c
libbuiltins,builtins/set.c
libbuiltins,builtins/setattr.c
libbuiltins,builtins/common.h
libbuiltins,builtins.h
libbuiltins,builtins/shift.c
libbuiltins,builtins/shopt.c
libbuiltins,builtins/source.c
libbuiltins,builtins/suspend.c
libbuiltins,builtins/test.c
libbuiltins,builtins/times.c
libbuiltins,builtins/trap.c
libbuiltins,builtins/type.c
libbuiltins,builtins/ulimit.c
libbuiltins,builtins/umask.c
libbuiltins,builtins/wait.c
libbuiltins,builtins/builtins.c
libbuiltins,include/memalloc.h
libbuiltins,builtins/mkbuiltins.c
libbuiltins,builtins/getopt.h
libbuiltins,builtins/getopt.c
libbuiltins,builtins/evalstring.c
libbuiltins,builtins/evalfile.c
libbuiltins,builtins/common.c
libbuiltins,builtins/bashgetopt.c
libbuiltins,builtins/declare.c
libbuiltins,builtins/fg_bg.c
libbuiltins,builtins/alias.c
libglob,lib/glob/ndir.h
libglob,lib/glob/xmbsrtowcs.c
libglob,lib/glob/strmatch.h
libglob,lib/glob/strmatch.c
libglob,lib/glob/smatch.c
libglob,lib/glob/sm_loop.c
libglob,lib/glob/gmisc.c
libglob,lib/glob/glob.h
libglob,lib/glob/glob.c
libglob,lib/glob/glob_loop.c
libglob,lib/glob/collsyms.h
libintl,lib/intl/osdep.c
libintl,lib/intl/localename.c
libintl,lib/intl/log.c
libintl,lib/intl/os2compat.c
libintl,lib/intl/bindtextdom.c
libintl,lib/intl/dcgettext.c
libintl,lib/intl/dcigettext.c
libintl,lib/intl/dcngettext.c
libintl,lib/intl/dgettext.c
libintl,lib/intl/dngettext.c
libintl,lib/intl/eval-plural.h
libintl,lib/intl/explodename.c
libintl,lib/intl/finddomain.c
libintl,lib/intl/gettext.c
libintl,lib/intl/gettextP.h
libintl,lib/intl/gmo.h
libintl,lib/intl/hash-string.h
libintl,lib/intl/intl-compat.c
libintl,lib/intl/l10nflist.c
libintl,lib/intl/loadinfo.h
libintl,lib/intl/loadmsgcat.c
libintl,lib/intl/localcharset.c
libintl,lib/intl/localcharset.h
libintl,lib/intl/localealias.c
libintl,lib/intl/ngettext.c
libintl,lib/intl/plural-exp.c
libintl,lib/intl/plural-exp.h
libintl,lib/intl/plural.c
libintl,lib/intl/plural.y
libintl,lib/intl/relocatable.c
libintl,lib/intl/relocatable.h
libintl,lib/intl/textdomain.c
libhistory,lib/readline/shell.c
libhistory,lib/readline/histsearch.c
libhistory,lib/readline/history.h
libhistory,lib/readline/history.c
libhistory,lib/readline/histlib.h
libhistory,lib/readline/histfile.c
libhistory,lib/readline/histexpand.c
libmalloc,lib/malloc/watch.c
libmalloc,lib/malloc/xmalloc.c
libmalloc,lib/malloc/trace.c
libmalloc,lib/malloc/table.c
libmalloc,lib/malloc/stats.c
libmalloc,lib/malloc/malloc.c
libmalloc,lib/malloc/alloca.c
libreadline,lib/readline/xmalloc.h
libreadline,lib/readline/ansi_stdlib.h
libreadline,lib/readline/posixjmp.h
libreadline,lib/readline/posixselect.h
libreadline,lib/readline/rltty.h
libreadline,lib/readline/rlwinsize.h
libreadline,lib/readline/posixdir.h
libreadline,lib/readline/rlmbutil.h
libreadline,lib/readline/xmalloc.c
libreadline,lib/readline/vi_mode.c
libreadline,lib/readline/vi_keymap.c
libreadline,lib/readline/util.c
libreadline,lib/readline/undo.c
libreadline,lib/readline/tilde.h
libreadline,lib/readline/tilde.c
libreadline,lib/readline/text.c
libreadline,lib/readline/terminal.c
libreadline,lib/readline/tcap.h
libreadline,lib/readline/signals.c
libreadline,lib/readline/shell.c
libreadline,lib/readline/search.c
libreadline,lib/readline/savestring.c
libreadline,lib/readline/rltty.c
libreadline,lib/readline/rlstdc.h
libreadline,lib/readline/rlshell.h
libreadline,lib/readline/rlprivate.h
libreadline,lib/readline/rldefs.h
libreadline,lib/readline/rlconf.h
libreadline,lib/readline/readline.h
libreadline,lib/readline/readline.c
libreadline,lib/readline/posixstat.h
libreadline,lib/readline/parens.c
libreadline,lib/readline/nls.c
libreadline,lib/readline/misc.c
libreadline,lib/readline/mbutil.c
libreadline,lib/readline/macro.c
libreadline,lib/readline/kill.c
libreadline,lib/readline/keymaps.h
libreadline,lib/readline/keymaps.c
libreadline,lib/readline/isearch.c
libreadline,lib/readline/input.c
libreadline,lib/readline/histsearch.c
libreadline,lib/readline/history.h
libreadline,lib/readline/history.c
libreadline,lib/readline/histlib.h
libreadline,lib/readline/histfile.c
libreadline,lib/readline/histexpand.c
libreadline,lib/readline/funmap.c
libreadline,lib/readline/emacs_keymap.c
libreadline,lib/readline/display.c
libreadline,lib/readline/complete.c
libreadline,lib/readline/compat.c
libreadline,lib/readline/chardefs.h
libreadline,lib/readline/callback.c
libreadline,lib/readline/bind.c
libreadline,lib/readline/xfree.c
libsh,lib/sh/times.c
libsh,lib/sh/strstr.c
libsh,lib/sh/zwrite.c
libsh,lib/sh/zread.c
libsh,lib/sh/zmapfd.c
libsh,lib/sh/zgetline.c
libsh,lib/sh/zcatfd.c
libsh,lib/sh/winsize.c
libsh,lib/sh/wcswidth.c
libsh,lib/sh/wcsdup.c
libsh,lib/sh/vprint.c
libsh,lib/sh/unicode.c
libsh,lib/sh/ufuncs.c
libsh,lib/sh/uconvert.c
libsh,lib/sh/tmpfile.c
libsh,lib/sh/timeval.c
libsh,lib/sh/strtrans.c
libsh,lib/sh/strtoumax.c
libsh,lib/sh/strtoull.c
libsh,lib/sh/strtoul.c
libsh,lib/sh/strtoll.c
libsh,lib/sh/strtol.c
libsh,lib/sh/strtoimax.c
libsh,lib/sh/strtod.c
libsh,lib/sh/strpbrk.c
libsh,lib/sh/strnlen.c
libsh,lib/sh/stringvec.c
libsh,lib/sh/stringlist.c
libsh,lib/sh/strftime.c
libsh,lib/sh/strerror.c
libsh,lib/sh/strchrnul.c
libsh,lib/sh/strcasestr.c
libsh,lib/sh/strcasecmp.c
libsh,lib/sh/spell.c
libsh,lib/sh/snprintf.c
libsh,lib/sh/shtty.c
libsh,lib/sh/shquote.c
libsh,lib/sh/shmbchar.c
libsh,lib/sh/shmatch.c
libsh,lib/sh/setlinebuf.c
libsh,lib/sh/rename.c
libsh,lib/sh/pathphys.c
libsh,lib/sh/pathcanon.c
libsh,lib/sh/oslib.c
libsh,lib/sh/netopen.c
libsh,lib/sh/netconn.c
libsh,lib/sh/mktime.c
libsh,lib/sh/mbscmp.c
libsh,lib/sh/mbschr.c
libsh,lib/sh/mbscasecmp.c
libsh,lib/sh/makepath.c
libsh,lib/sh/mailstat.c
libsh,lib/sh/itos.c
libsh,lib/sh/input_avail.c
libsh,lib/sh/inet_aton.c
libsh,lib/sh/getenv.c
libsh,lib/sh/getcwd.c
libsh,lib/sh/fpurge.c
libsh,lib/sh/fnxform.c
libsh,lib/sh/fmtumax.c
libsh,lib/sh/fmtulong.c
libsh,lib/sh/fmtullong.c
libsh,lib/sh/eaccess.c
libsh,lib/sh/dprintf.c
libsh,lib/sh/clock.c
libsh,lib/sh/clktck.c
libsh,lib/sh/casemod.c
libsh,lib/sh/pathphys.c
libtermcap,lib/termcap/termcap.h
libtermcap,lib/termcap/tparam.c
libtermcap,lib/termcap/ltcap.h
libtermcap,lib/termcap/termcap.c
libtilde,lib/tilde/tilde.h
libtilde,lib/tilde/tilde.c
libtilde,lib/tilde/shell.c
signal_handling,siglist.h
signal_handling,siglist.c
signal_handling,sig.h
signal_handling,sig.c
support,support/man2html.c
support,support/mksignames.c
support,support/signames.c
support,support/bashversion.c
support,support/printenv.c
support,support/recho.c
support,support/xcase.c
support,support/zecho.c